event_id,device_id,patient_id,start_datetime,end_datetime,connectivity_status,delayed_records,packet_loss_estimate
CONN-000001,WRB-00006,PAT-0006,2026-07-22 21:42:46.773931,2026-07-23 01:42:46.773931,DISCONNECTED,14,0.13
CONN-000002,WRB-00009,PAT-0009,2026-07-16 01:53:48.125954,2026-07-16 04:53:48.125954,DELAYED_SYNC,12,0.05
CONN-000003,WRB-00012,PAT-0012,2026-07-16 01:25:06.262652,2026-07-16 02:25:06.262652,DISCONNECTED,12,0.25
CONN-000004,WRB-00014,PAT-0014,2026-07-16 10:08:17.762490,2026-07-16 10:38:17.762490,INTERMITTENT,18,0.08
CONN-000005,WRB-00016,PAT-0016,2026-07-17 18:17:53.024347,2026-07-17 19:47:53.024347,INTERMITTENT,14,0.17
CONN-000006,WRB-00017,PAT-0017,2026-07-14 10:32:51.168828,2026-07-14 12:02:51.168828,INTERMITTENT,25,0.09
CONN-000007,WRB-00019,PAT-0019,2026-07-15 04:23:29.746754,2026-07-15 05:23:29.746754,DISCONNECTED,31,0.31
CONN-000008,WRB-00025,PAT-0025,2026-07-15 01:50:03.729640,2026-07-15 04:50:03.729640,INTERMITTENT,4,0.29
CONN-000009,WRB-00026,PAT-0026,2026-07-26 00:11:20.410487,2026-07-26 01:41:20.410487,DELAYED_SYNC,26,0.21
CONN-000010,WRB-00027,PAT-0027,2026-07-28 23:37:14.538497,2026-07-29 00:37:14.538497,INTERMITTENT,24,0.26
CONN-000011,WRB-00028,PAT-0028,2026-07-17 19:28:38.850545,2026-07-17 22:28:38.850545,DELAYED_SYNC,12,0.31
CONN-000012,WRB-00034,PAT-0034,2026-07-14 00:04:57.438759,2026-07-14 03:04:57.438759,INTERMITTENT,7,0.13
CONN-000013,WRB-00035,PAT-0035,2026-07-05 17:47:05.606529,2026-07-05 21:47:05.606529,INTERMITTENT,17,0.28
CONN-000014,WRB-00040,PAT-0040,2026-07-25 14:57:28.092728,2026-07-25 17:57:28.092728,DISCONNECTED,30,0.13
CONN-000015,WRB-00042,PAT-0042,2026-07-10 04:54:36.654261,2026-07-10 05:24:36.654261,INTERMITTENT,28,0.29
CONN-000016,WRB-00044,PAT-0044,2026-07-05 16:45:51.747983,2026-07-05 17:15:51.747983,DISCONNECTED,20,0.15
CONN-000017,WRB-00050,PAT-0050,2026-07-03 13:13:21.332407,2026-07-03 14:13:21.332407,INTERMITTENT,32,0.31
CONN-000018,WRB-00057,PAT-0057,2026-07-29 22:24:56.587932,2026-07-30 02:24:56.587932,INTERMITTENT,22,0.1
CONN-000019,WRB-00068,PAT-0068,2026-07-09 15:59:03.670641,2026-07-09 16:29:03.670641,INTERMITTENT,6,0.13
CONN-000020,WRB-00069,PAT-0069,2026-07-23 03:21:46.678331,2026-07-23 06:21:46.678331,INTERMITTENT,16,0.07
CONN-000021,WRB-00070,PAT-0070,2026-07-20 01:11:09.489536,2026-07-20 04:11:09.489536,DELAYED_SYNC,20,0.12
CONN-000022,WRB-00071,PAT-0071,2026-07-09 14:36:47.683528,2026-07-09 15:06:47.683528,DISCONNECTED,22,0.19
CONN-000023,WRB-00072,PAT-0072,2026-07-04 07:00:30.809588,2026-07-04 11:00:30.809588,INTERMITTENT,6,0.28
CONN-000024,WRB-00080,PAT-0080,2026-07-20 04:24:25.565453,2026-07-20 08:24:25.565453,DISCONNECTED,24,0.24
CONN-000025,WRB-00081,PAT-0081,2026-07-03 01:35:59.529304,2026-07-03 02:05:59.529304,DELAYED_SYNC,32,0.17
CONN-000026,WRB-00082,PAT-0082,2026-07-05 16:33:05.614348,2026-07-05 20:33:05.614348,INTERMITTENT,32,0.33
CONN-000027,WRB-00084,PAT-0084,2026-07-19 21:52:02.667657,2026-07-19 22:22:02.667657,DISCONNECTED,9,0.06
CONN-000028,WRB-00089,PAT-0089,2026-07-07 03:45:46.074781,2026-07-07 06:45:46.074781,DISCONNECTED,26,0.19
CONN-000029,WRB-00090,PAT-0090,2026-07-14 17:23:09.672826,2026-07-14 20:23:09.672826,INTERMITTENT,21,0.19
CONN-000030,WRB-00091,PAT-0091,2026-07-21 06:06:28.187542,2026-07-21 09:06:28.187542,DELAYED_SYNC,30,0.1
CONN-000031,WRB-00093,PAT-0093,2026-07-18 09:32:15.513217,2026-07-18 10:02:15.513217,INTERMITTENT,21,0.21
CONN-000032,WRB-00095,PAT-0095,2026-07-12 18:09:39.123619,2026-07-12 22:09:39.123619,DELAYED_SYNC,32,0.07
CONN-000033,WRB-00101,PAT-0101,2026-07-03 20:03:05.981415,2026-07-03 20:33:05.981415,DELAYED_SYNC,29,0.06
CONN-000034,WRB-00102,PAT-0102,2026-07-19 19:16:38.025742,2026-07-19 22:16:38.025742,INTERMITTENT,16,0.21
CONN-000035,WRB-00110,PAT-0110,2026-07-27 06:10:47.789527,2026-07-27 06:40:47.789527,DELAYED_SYNC,23,0.3
CONN-000036,WRB-00111,PAT-0111,2026-07-12 14:20:46.962534,2026-07-12 15:50:46.962534,INTERMITTENT,20,0.26
CONN-000037,WRB-00112,PAT-0112,2026-07-25 22:09:46.599836,2026-07-25 23:09:46.599836,DELAYED_SYNC,10,0.3
CONN-000038,WRB-00113,PAT-0113,2026-07-22 14:16:56.160227,2026-07-22 15:46:56.160227,DELAYED_SYNC,19,0.35
CONN-000039,WRB-00116,PAT-0116,2026-07-13 22:25:18.144304,2026-07-14 02:25:18.144304,DELAYED_SYNC,21,0.21
CONN-000040,WRB-00119,PAT-0119,2026-07-09 20:52:31.314754,2026-07-09 22:22:31.314754,DELAYED_SYNC,24,0.08
CONN-000041,WRB-00122,PAT-0122,2026-07-27 16:01:07.853132,2026-07-27 20:01:07.853132,INTERMITTENT,35,0.1
CONN-000042,WRB-00123,PAT-0123,2026-07-10 22:34:22.568541,2026-07-10 23:34:22.568541,DELAYED_SYNC,22,0.25
CONN-000043,WRB-00124,PAT-0124,2026-07-22 20:21:19.776355,2026-07-22 21:51:19.776355,INTERMITTENT,33,0.18
CONN-000044,WRB-00129,PAT-0129,2026-07-13 10:07:13.048259,2026-07-13 14:07:13.048259,DELAYED_SYNC,4,0.11
CONN-000045,WRB-00132,PAT-0132,2026-07-14 09:58:49.850747,2026-07-14 12:58:49.850747,INTERMITTENT,9,0.19
CONN-000046,WRB-00135,PAT-0135,2026-07-25 17:00:12.525928,2026-07-25 20:00:12.525928,DISCONNECTED,23,0.2
CONN-000047,WRB-00141,PAT-0141,2026-07-17 01:12:53.975621,2026-07-17 01:42:53.975621,DISCONNECTED,9,0.1
CONN-000048,WRB-00148,PAT-0148,2026-07-10 21:34:48.403651,2026-07-10 23:04:48.403651,INTERMITTENT,21,0.18
CONN-000049,WRB-00149,PAT-0149,2026-07-25 21:59:38.149281,2026-07-25 22:59:38.149281,DELAYED_SYNC,21,0.31
CONN-000050,WRB-00150,PAT-0150,2026-07-10 20:54:21.364385,2026-07-10 21:54:21.364385,DELAYED_SYNC,21,0.26
CONN-000051,WRB-00152,PAT-0152,2026-07-21 17:19:58.470632,2026-07-21 18:49:58.470632,DELAYED_SYNC,13,0.08
CONN-000052,WRB-00154,PAT-0154,2026-07-09 17:04:20.517676,2026-07-09 20:04:20.517676,DISCONNECTED,19,0.27
CONN-000053,WRB-00158,PAT-0158,2026-07-13 15:59:17.112171,2026-07-13 16:59:17.112171,DISCONNECTED,17,0.11
CONN-000054,WRB-00160,PAT-0160,2026-07-12 08:07:58.626063,2026-07-12 09:07:58.626063,DELAYED_SYNC,34,0.31
CONN-000055,WRB-00162,PAT-0162,2026-07-07 15:59:57.467133,2026-07-07 18:59:57.467133,DISCONNECTED,17,0.26
CONN-000056,WRB-00166,PAT-0166,2026-07-06 05:35:58.523616,2026-07-06 09:35:58.523616,DISCONNECTED,6,0.27
CONN-000057,WRB-00167,PAT-0167,2026-07-12 20:03:40.075909,2026-07-12 21:03:40.075909,DISCONNECTED,20,0.33
CONN-000058,WRB-00169,PAT-0169,2026-07-17 04:42:53.505095,2026-07-17 05:12:53.505095,DELAYED_SYNC,3,0.28
CONN-000059,WRB-00170,PAT-0170,2026-07-14 20:03:52.829834,2026-07-15 00:03:52.829834,DELAYED_SYNC,32,0.3
CONN-000060,WRB-00171,PAT-0171,2026-07-15 20:36:12.034329,2026-07-15 21:36:12.034329,DISCONNECTED,16,0.31
CONN-000061,WRB-00174,PAT-0174,2026-07-26 17:12:27.098288,2026-07-26 18:12:27.098288,DELAYED_SYNC,10,0.18
CONN-000062,WRB-00178,PAT-0178,2026-07-12 00:40:40.614818,2026-07-12 04:40:40.614818,INTERMITTENT,12,0.17
CONN-000063,WRB-00179,PAT-0179,2026-07-22 08:13:33.273372,2026-07-22 08:43:33.273372,INTERMITTENT,26,0.1
CONN-000064,WRB-00183,PAT-0183,2026-07-24 01:21:36.074775,2026-07-24 02:21:36.074775,DISCONNECTED,22,0.11
CONN-000065,WRB-00184,PAT-0184,2026-07-06 03:28:54.952354,2026-07-06 04:28:54.952354,INTERMITTENT,16,0.21
CONN-000066,WRB-00185,PAT-0185,2026-07-29 00:24:03.804511,2026-07-29 00:54:03.804511,INTERMITTENT,12,0.26
CONN-000067,WRB-00187,PAT-0187,2026-07-21 08:50:34.536833,2026-07-21 12:50:34.536833,DELAYED_SYNC,22,0.13
CONN-000068,WRB-00188,PAT-0188,2026-07-16 04:29:16.791061,2026-07-16 07:29:16.791061,INTERMITTENT,34,0.2
CONN-000069,WRB-00191,PAT-0191,2026-07-19 21:06:01.589501,2026-07-19 22:06:01.589501,DELAYED_SYNC,26,0.15
CONN-000070,WRB-00192,PAT-0192,2026-07-30 17:08:30.034912,2026-07-30 17:38:30.034912,DELAYED_SYNC,26,0.09
CONN-000071,WRB-00194,PAT-0194,2026-07-26 21:11:51.598983,2026-07-26 22:11:51.598983,INTERMITTENT,6,0.26
CONN-000072,WRB-00198,PAT-0198,2026-07-09 13:04:38.252319,2026-07-09 14:34:38.252319,INTERMITTENT,24,0.1
CONN-000073,WRB-00199,PAT-0199,2026-07-22 03:04:51.678904,2026-07-22 06:04:51.678904,DISCONNECTED,20,0.08
CONN-000074,WRB-00201,PAT-0201,2026-07-03 09:22:29.374369,2026-07-03 10:52:29.374369,INTERMITTENT,9,0.18
CONN-000075,WRB-00204,PAT-0204,2026-07-18 20:18:45.205184,2026-07-18 23:18:45.205184,DISCONNECTED,7,0.11
CONN-000076,WRB-00206,PAT-0206,2026-07-20 01:55:10.837306,2026-07-20 03:25:10.837306,DISCONNECTED,35,0.12
CONN-000077,WRB-00207,PAT-0207,2026-07-19 03:58:27.894736,2026-07-19 07:58:27.894736,DELAYED_SYNC,30,0.23
CONN-000078,WRB-00210,PAT-0210,2026-07-14 13:41:55.895592,2026-07-14 15:11:55.895592,INTERMITTENT,25,0.14
CONN-000079,WRB-00212,PAT-0212,2026-07-03 17:24:27.088866,2026-07-03 21:24:27.088866,DELAYED_SYNC,5,0.26
CONN-000080,WRB-00213,PAT-0213,2026-07-19 14:47:59.369119,2026-07-19 18:47:59.369119,DELAYED_SYNC,8,0.12
CONN-000081,WRB-00214,PAT-0214,2026-07-24 16:01:32.337064,2026-07-24 19:01:32.337064,DELAYED_SYNC,34,0.11
CONN-000082,WRB-00220,PAT-0220,2026-07-21 07:11:56.541100,2026-07-21 07:41:56.541100,DELAYED_SYNC,31,0.3
CONN-000083,WRB-00221,PAT-0221,2026-07-26 01:14:05.039598,2026-07-26 05:14:05.039598,DISCONNECTED,17,0.17
CONN-000084,WRB-00227,PAT-0227,2026-07-25 11:27:55.452917,2026-07-25 11:57:55.452917,DELAYED_SYNC,5,0.23
CONN-000085,WRB-00234,PAT-0234,2026-07-18 21:38:59.213930,2026-07-18 23:08:59.213930,INTERMITTENT,12,0.1
CONN-000086,WRB-00235,PAT-0235,2026-07-25 15:00:41.172500,2026-07-25 19:00:41.172500,INTERMITTENT,19,0.26
CONN-000087,WRB-00236,PAT-0236,2026-07-09 13:15:08.527523,2026-07-09 14:15:08.527523,INTERMITTENT,3,0.11
CONN-000088,WRB-00240,PAT-0240,2026-07-14 17:17:43.735419,2026-07-14 17:47:43.735419,DELAYED_SYNC,24,0.27
CONN-000089,WRB-00241,PAT-0241,2026-07-13 02:29:25.923990,2026-07-13 03:29:25.923990,INTERMITTENT,33,0.12
CONN-000090,WRB-00243,PAT-0243,2026-07-03 16:56:55.632315,2026-07-03 17:56:55.632315,DELAYED_SYNC,19,0.25
CONN-000091,WRB-00244,PAT-0244,2026-07-22 17:12:19.885151,2026-07-22 21:12:19.885151,DELAYED_SYNC,6,0.27
CONN-000092,WRB-00247,PAT-0247,2026-07-22 01:37:52.992794,2026-07-22 04:37:52.992794,DELAYED_SYNC,3,0.1
CONN-000093,WRB-00249,PAT-0249,2026-07-09 00:26:32.819075,2026-07-09 01:56:32.819075,DISCONNECTED,10,0.2
CONN-000094,WRB-00250,PAT-0250,2026-07-27 16:12:39.082965,2026-07-27 17:12:39.082965,INTERMITTENT,4,0.11
CONN-000095,WRB-00251,PAT-0251,2026-07-14 16:20:56.198051,2026-07-14 19:20:56.198051,INTERMITTENT,14,0.1
CONN-000096,WRB-00269,PAT-0269,2026-07-18 01:58:00.951736,2026-07-18 02:28:00.951736,DISCONNECTED,10,0.06
CONN-000097,WRB-00271,PAT-0271,2026-07-19 06:03:00.926830,2026-07-19 06:33:00.926830,DISCONNECTED,17,0.16
CONN-000098,WRB-00277,PAT-0277,2026-07-17 06:09:12.240998,2026-07-17 07:09:12.240998,DELAYED_SYNC,14,0.12
CONN-000099,WRB-00279,PAT-0279,2026-07-04 13:02:13.507687,2026-07-04 13:32:13.507687,DELAYED_SYNC,25,0.31
CONN-000100,WRB-00288,PAT-0288,2026-07-23 00:50:52.220020,2026-07-23 04:50:52.220020,DELAYED_SYNC,3,0.33
CONN-000101,WRB-00289,PAT-0289,2026-07-20 03:14:04.769978,2026-07-20 04:44:04.769978,DELAYED_SYNC,6,0.32
CONN-000102,WRB-00291,PAT-0291,2026-07-07 19:45:31.722882,2026-07-07 22:45:31.722882,DISCONNECTED,21,0.22
CONN-000103,WRB-00292,PAT-0292,2026-07-28 08:10:20.154546,2026-07-28 09:10:20.154546,INTERMITTENT,8,0.07
CONN-000104,WRB-00295,PAT-0295,2026-07-15 10:37:42.176016,2026-07-15 11:07:42.176016,DISCONNECTED,23,0.12
CONN-000105,WRB-00298,PAT-0298,2026-07-11 22:56:31.430383,2026-07-11 23:26:31.430383,DELAYED_SYNC,33,0.14
CONN-000106,WRB-00299,PAT-0299,2026-07-16 17:01:40.660622,2026-07-16 18:01:40.660622,DELAYED_SYNC,18,0.25
CONN-000107,WRB-00300,PAT-0300,2026-07-07 18:28:19.932085,2026-07-07 18:58:19.932085,INTERMITTENT,5,0.12
CONN-000108,WRB-00304,PAT-0304,2026-07-14 06:48:46.181438,2026-07-14 09:48:46.181438,INTERMITTENT,16,0.14
CONN-000109,WRB-00310,PAT-0310,2026-07-07 16:01:40.885105,2026-07-07 19:01:40.885105,INTERMITTENT,29,0.22
CONN-000110,WRB-00312,PAT-0312,2026-07-21 07:10:06.382305,2026-07-21 08:10:06.382305,DELAYED_SYNC,15,0.33
CONN-000111,WRB-00313,PAT-0313,2026-07-25 04:23:17.915118,2026-07-25 07:23:17.915118,INTERMITTENT,21,0.32
CONN-000112,WRB-00317,PAT-0317,2026-07-26 21:13:22.556205,2026-07-27 00:13:22.556205,DELAYED_SYNC,26,0.14
CONN-000113,WRB-00318,PAT-0318,2026-07-15 13:27:03.893399,2026-07-15 14:27:03.893399,DELAYED_SYNC,23,0.17
CONN-000114,WRB-00321,PAT-0321,2026-07-11 16:54:56.394901,2026-07-11 19:54:56.394901,INTERMITTENT,11,0.24
CONN-000115,WRB-00323,PAT-0323,2026-07-29 18:34:08.500506,2026-07-29 22:34:08.500506,INTERMITTENT,32,0.24
CONN-000116,WRB-00324,PAT-0324,2026-07-11 20:19:16.300323,2026-07-11 23:19:16.300323,DISCONNECTED,16,0.34
CONN-000117,WRB-00328,PAT-0328,2026-07-02 13:15:11.559257,2026-07-02 16:15:11.559257,INTERMITTENT,16,0.2
CONN-000118,WRB-00330,PAT-0330,2026-07-17 04:31:41.223440,2026-07-17 08:31:41.223440,DISCONNECTED,17,0.25
CONN-000119,WRB-00332,PAT-0332,2026-07-23 17:35:54.381247,2026-07-23 19:05:54.381247,INTERMITTENT,7,0.13
CONN-000120,WRB-00337,PAT-0337,2026-07-23 00:00:10.018994,2026-07-23 01:30:10.018994,DELAYED_SYNC,12,0.25
CONN-000121,WRB-00339,PAT-0339,2026-07-28 21:48:46.376025,2026-07-29 00:00:00,INTERMITTENT,17,0.07
CONN-000122,WRB-00341,PAT-0341,2026-07-30 05:14:15.025420,2026-07-30 06:44:15.025420,DISCONNECTED,16,0.29
CONN-000123,WRB-00344,PAT-0344,2026-07-19 21:09:16.915319,2026-07-20 01:09:16.915319,DISCONNECTED,8,0.1
CONN-000124,WRB-00346,PAT-0346,2026-07-16 10:31:46.652944,2026-07-16 11:01:46.652944,INTERMITTENT,29,0.14
CONN-000125,WRB-00347,PAT-0347,2026-07-28 22:11:58.524821,2026-07-28 23:11:58.524821,DELAYED_SYNC,33,0.15
CONN-000126,WRB-00350,PAT-0350,2026-07-03 13:29:59.378095,2026-07-03 16:29:59.378095,DELAYED_SYNC,7,0.12
CONN-000127,WRB-00351,PAT-0351,2026-07-07 18:05:56.620231,2026-07-07 18:35:56.620231,DELAYED_SYNC,13,0.18
CONN-000128,WRB-00352,PAT-0352,2026-07-28 15:17:27.390189,2026-07-28 16:17:27.390189,DELAYED_SYNC,30,0.19
CONN-000129,WRB-00355,PAT-0355,2026-07-17 01:43:15.623617,2026-07-17 05:43:15.623617,INTERMITTENT,31,0.32
CONN-000130,WRB-00359,PAT-0359,2026-07-11 02:19:59.623115,2026-07-11 03:49:59.623115,DISCONNECTED,9,0.3
CONN-000131,WRB-00362,PAT-0362,2026-07-18 01:48:58.689947,2026-07-18 02:18:58.689947,DISCONNECTED,4,0.2
CONN-000132,WRB-00370,PAT-0370,2026-07-16 01:03:51.739166,2026-07-16 02:03:51.739166,INTERMITTENT,22,0.31
CONN-000133,WRB-00378,PAT-0378,2026-07-10 16:17:30.856512,2026-07-10 16:47:30.856512,DISCONNECTED,19,0.14
CONN-000134,WRB-00381,PAT-0381,2026-07-10 02:28:00.026139,2026-07-10 06:28:00.026139,INTERMITTENT,20,0.07
CONN-000135,WRB-00382,PAT-0382,2026-07-09 08:05:31.729847,2026-07-09 09:05:31.729847,INTERMITTENT,5,0.19
CONN-000136,WRB-00385,PAT-0385,2026-07-13 14:24:51.461074,2026-07-13 15:24:51.461074,INTERMITTENT,3,0.23
CONN-000137,WRB-00386,PAT-0386,2026-07-22 19:18:13.201074,2026-07-22 23:18:13.201074,DISCONNECTED,4,0.3
CONN-000138,WRB-00387,PAT-0387,2026-07-22 17:16:06.358549,2026-07-22 17:46:06.358549,DISCONNECTED,3,0.11
CONN-000139,WRB-00389,PAT-0389,2026-07-07 11:45:19.581950,2026-07-07 14:45:19.581950,DISCONNECTED,35,0.31
CONN-000140,WRB-00394,PAT-0394,2026-07-24 02:39:44.976040,2026-07-24 05:39:44.976040,DELAYED_SYNC,8,0.26
CONN-000141,WRB-00397,PAT-0397,2026-07-10 08:40:41.174611,2026-07-10 09:10:41.174611,DELAYED_SYNC,15,0.1
CONN-000142,WRB-00401,PAT-0401,2026-07-10 02:20:21.992137,2026-07-10 06:20:21.992137,DELAYED_SYNC,16,0.11
CONN-000143,WRB-00404,PAT-0404,2026-07-27 02:15:25.376320,2026-07-27 03:45:25.376320,DISCONNECTED,15,0.31
CONN-000144,WRB-00406,PAT-0406,2026-07-21 02:20:23.762949,2026-07-21 03:20:23.762949,DELAYED_SYNC,32,0.35
CONN-000145,WRB-00407,PAT-0407,2026-07-22 05:24:39.263169,2026-07-22 05:54:39.263169,DISCONNECTED,17,0.24
CONN-000146,WRB-00409,PAT-0409,2026-07-12 20:49:53.735023,2026-07-12 23:49:53.735023,DELAYED_SYNC,14,0.29
CONN-000147,WRB-00411,PAT-0411,2026-07-22 13:12:43.230372,2026-07-22 13:42:43.230372,DELAYED_SYNC,9,0.28
CONN-000148,WRB-00418,PAT-0418,2026-07-28 17:30:16.999291,2026-07-28 18:30:16.999291,DELAYED_SYNC,12,0.24
CONN-000149,WRB-00420,PAT-0420,2026-07-05 12:46:54.885855,2026-07-05 13:46:54.885855,DELAYED_SYNC,17,0.07
CONN-000150,WRB-00423,PAT-0423,2026-07-09 20:58:01.550585,2026-07-09 21:28:01.550585,DISCONNECTED,17,0.08
CONN-000151,WRB-00425,PAT-0425,2026-07-24 16:14:52.568768,2026-07-24 20:14:52.568768,DISCONNECTED,4,0.1
CONN-000152,WRB-00430,PAT-0430,2026-07-02 21:03:27.353578,2026-07-02 22:03:27.353578,DISCONNECTED,7,0.32
CONN-000153,WRB-00431,PAT-0431,2026-07-21 11:38:51.844711,2026-07-21 15:38:51.844711,DELAYED_SYNC,4,0.3
CONN-000154,WRB-00432,PAT-0432,2026-07-13 02:08:44.585811,2026-07-13 05:08:44.585811,INTERMITTENT,19,0.34
CONN-000155,WRB-00434,PAT-0434,2026-07-29 16:56:26.347633,2026-07-29 17:26:26.347633,INTERMITTENT,18,0.12
CONN-000156,WRB-00437,PAT-0437,2026-07-05 03:46:16.558613,2026-07-05 04:46:16.558613,INTERMITTENT,23,0.14
CONN-000157,WRB-00440,PAT-0440,2026-07-23 18:38:35.134334,2026-07-23 19:38:35.134334,DELAYED_SYNC,13,0.22
CONN-000158,WRB-00441,PAT-0441,2026-07-25 00:09:00.301993,2026-07-25 03:09:00.301993,INTERMITTENT,14,0.28
CONN-000159,WRB-00447,PAT-0447,2026-07-20 14:51:15.542207,2026-07-20 18:51:15.542207,DISCONNECTED,29,0.15
CONN-000160,WRB-00452,PAT-0452,2026-07-23 17:26:45.918541,2026-07-23 18:56:45.918541,DELAYED_SYNC,27,0.08
CONN-000161,WRB-00458,PAT-0458,2026-07-13 06:32:40.675619,2026-07-13 07:32:40.675619,DELAYED_SYNC,32,0.32
CONN-000162,WRB-00459,PAT-0459,2026-07-06 19:21:29.973693,2026-07-06 23:21:29.973693,INTERMITTENT,5,0.12
CONN-000163,WRB-00465,PAT-0465,2026-07-18 01:23:18.002974,2026-07-18 02:23:18.002974,DELAYED_SYNC,3,0.11
CONN-000164,WRB-00475,PAT-0475,2026-07-21 07:24:08.423625,2026-07-21 11:24:08.423625,INTERMITTENT,22,0.09
CONN-000165,WRB-00479,PAT-0479,2026-07-11 09:09:53.671998,2026-07-11 12:09:53.671998,DISCONNECTED,11,0.24
CONN-000166,WRB-00482,PAT-0482,2026-07-27 04:15:44.889269,2026-07-27 04:45:44.889269,DELAYED_SYNC,10,0.1
CONN-000167,WRB-00485,PAT-0485,2026-07-10 00:38:44.607162,2026-07-10 03:38:44.607162,DISCONNECTED,24,0.1
CONN-000168,WRB-00487,PAT-0487,2026-07-08 22:39:40.644591,2026-07-08 23:39:40.644591,DISCONNECTED,7,0.21
CONN-000169,WRB-00488,PAT-0488,2026-07-24 23:02:13.146840,2026-07-25 00:32:13.146840,INTERMITTENT,26,0.13
CONN-000170,WRB-00489,PAT-0489,2026-07-06 04:03:15.433875,2026-07-06 05:33:15.433875,INTERMITTENT,25,0.07
CONN-000171,WRB-00491,PAT-0491,2026-07-24 08:57:18.405286,2026-07-24 09:57:18.405286,INTERMITTENT,17,0.2
CONN-000172,WRB-00492,PAT-0492,2026-07-07 12:10:38.619816,2026-07-07 12:40:38.619816,DISCONNECTED,16,0.31
CONN-000173,WRB-00495,PAT-0495,2026-07-11 21:59:48.827373,2026-07-12 01:59:48.827373,DISCONNECTED,10,0.1
CONN-000174,WRB-00498,PAT-0498,2026-07-04 13:15:45.348534,2026-07-04 17:15:45.348534,DISCONNECTED,33,0.1
CONN-000175,WRB-00503,PAT-0503,2026-07-23 03:25:32.344224,2026-07-23 07:25:32.344224,INTERMITTENT,11,0.21
CONN-000176,WRB-00505,PAT-0505,2026-07-16 21:18:18.371586,2026-07-17 01:18:18.371586,DELAYED_SYNC,20,0.21
CONN-000177,WRB-00507,PAT-0507,2026-07-24 18:47:52.305414,2026-07-24 20:17:52.305414,DISCONNECTED,6,0.3
CONN-000178,WRB-00511,PAT-0511,2026-07-17 15:53:55.213027,2026-07-17 19:53:55.213027,INTERMITTENT,13,0.23
CONN-000179,WRB-00517,PAT-0517,2026-07-12 16:03:44.224094,2026-07-12 20:03:44.224094,INTERMITTENT,12,0.27
CONN-000180,WRB-00523,PAT-0523,2026-07-12 18:21:34.048690,2026-07-12 19:51:34.048690,INTERMITTENT,8,0.2
CONN-000181,WRB-00525,PAT-0525,2026-07-09 04:50:58.127719,2026-07-09 07:50:58.127719,DELAYED_SYNC,24,0.13
CONN-000182,WRB-00526,PAT-0526,2026-07-03 15:06:27.164166,2026-07-03 19:06:27.164166,INTERMITTENT,15,0.18
CONN-000183,WRB-00528,PAT-0528,2026-07-06 14:02:22.567865,2026-07-06 18:02:22.567865,INTERMITTENT,20,0.21
CONN-000184,WRB-00529,PAT-0529,2026-07-15 11:38:13.660614,2026-07-15 12:38:13.660614,DISCONNECTED,11,0.31
CONN-000185,WRB-00534,PAT-0534,2026-07-24 21:55:56.905118,2026-07-24 23:25:56.905118,DISCONNECTED,26,0.13
CONN-000186,WRB-00542,PAT-0542,2026-07-07 09:02:54.658663,2026-07-07 12:02:54.658663,INTERMITTENT,16,0.18
CONN-000187,WRB-00544,PAT-0544,2026-07-05 18:37:13.864096,2026-07-05 19:37:13.864096,INTERMITTENT,15,0.29
CONN-000188,WRB-00548,PAT-0548,2026-07-12 23:01:54.659429,2026-07-13 00:01:54.659429,INTERMITTENT,30,0.25
CONN-000189,WRB-00554,PAT-0554,2026-07-05 14:27:43.183625,2026-07-05 14:57:43.183625,DELAYED_SYNC,15,0.05
CONN-000190,WRB-00555,PAT-0555,2026-07-18 00:55:33.783865,2026-07-18 04:55:33.783865,DISCONNECTED,28,0.24
CONN-000191,WRB-00556,PAT-0556,2026-07-13 23:03:19.095629,2026-07-14 02:03:19.095629,DELAYED_SYNC,17,0.33
CONN-000192,WRB-00558,PAT-0558,2026-07-22 01:22:14.865732,2026-07-22 04:22:14.865732,DISCONNECTED,18,0.15
CONN-000193,WRB-00559,PAT-0559,2026-07-10 04:40:38.452183,2026-07-10 06:10:38.452183,INTERMITTENT,31,0.22
CONN-000194,WRB-00562,PAT-0562,2026-07-20 12:19:31.355687,2026-07-20 13:19:31.355687,DELAYED_SYNC,21,0.3
CONN-000195,WRB-00564,PAT-0564,2026-07-16 12:00:19.511403,2026-07-16 15:00:19.511403,INTERMITTENT,8,0.14
CONN-000196,WRB-00569,PAT-0569,2026-07-12 18:52:54.021131,2026-07-12 19:52:54.021131,DISCONNECTED,13,0.3
CONN-000197,WRB-00572,PAT-0572,2026-07-08 20:48:50.434136,2026-07-09 00:48:50.434136,DELAYED_SYNC,4,0.27
CONN-000198,WRB-00574,PAT-0574,2026-07-19 18:42:28.531079,2026-07-19 22:42:28.531079,INTERMITTENT,14,0.19
CONN-000199,WRB-00576,PAT-0576,2026-07-05 14:45:17.558877,2026-07-05 16:15:17.558877,DISCONNECTED,4,0.29
CONN-000200,WRB-00581,PAT-0581,2026-07-11 18:27:32.060863,2026-07-11 19:57:32.060863,DELAYED_SYNC,34,0.1
CONN-000201,WRB-00582,PAT-0582,2026-07-13 16:59:48.728602,2026-07-13 20:59:48.728602,DELAYED_SYNC,17,0.29
CONN-000202,WRB-00590,PAT-0590,2026-07-30 06:57:13.365921,2026-07-30 09:57:13.365921,INTERMITTENT,20,0.09
CONN-000203,WRB-00593,PAT-0593,2026-07-08 20:04:20.256563,2026-07-08 23:04:20.256563,DISCONNECTED,14,0.29
CONN-000204,WRB-00594,PAT-0594,2026-07-19 20:00:56.531327,2026-07-19 20:30:56.531327,DELAYED_SYNC,10,0.11
CONN-000205,WRB-00597,PAT-0597,2026-07-17 13:29:02.195769,2026-07-17 13:59:02.195769,DISCONNECTED,22,0.06
CONN-000206,WRB-00601,PAT-0601,2026-07-23 12:25:13.939094,2026-07-23 13:25:13.939094,DISCONNECTED,23,0.32
CONN-000207,WRB-00602,PAT-0602,2026-07-07 11:10:43.301720,2026-07-07 12:40:43.301720,DELAYED_SYNC,15,0.14
CONN-000208,WRB-00603,PAT-0603,2026-07-10 04:03:42.753740,2026-07-10 08:03:42.753740,DELAYED_SYNC,12,0.17
CONN-000209,WRB-00604,PAT-0604,2026-07-09 12:47:51.648288,2026-07-09 13:17:51.648288,DISCONNECTED,9,0.08
CONN-000210,WRB-00605,PAT-0605,2026-07-20 08:55:51.927277,2026-07-20 11:55:51.927277,INTERMITTENT,27,0.18
CONN-000211,WRB-00611,PAT-0611,2026-07-26 05:57:19.445811,2026-07-26 09:57:19.445811,DISCONNECTED,24,0.35
CONN-000212,WRB-00612,PAT-0612,2026-07-24 14:33:10.988471,2026-07-24 18:33:10.988471,INTERMITTENT,12,0.14
CONN-000213,WRB-00615,PAT-0615,2026-07-20 15:04:12.597833,2026-07-20 16:04:12.597833,DISCONNECTED,4,0.23
CONN-000214,WRB-00618,PAT-0618,2026-07-08 23:01:36.805344,2026-07-09 02:01:36.805344,DISCONNECTED,27,0.06
CONN-000215,WRB-00620,PAT-0620,2026-07-28 07:42:17.712026,2026-07-28 08:42:17.712026,DISCONNECTED,12,0.31
CONN-000216,WRB-00622,PAT-0622,2026-07-08 09:17:54.152248,2026-07-08 09:47:54.152248,INTERMITTENT,24,0.08
CONN-000217,WRB-00623,PAT-0623,2026-07-21 00:43:41.613038,2026-07-21 03:43:41.613038,DELAYED_SYNC,20,0.19
CONN-000218,WRB-00624,PAT-0624,2026-07-12 16:58:17.379109,2026-07-12 17:58:17.379109,DISCONNECTED,23,0.26
CONN-000219,WRB-00625,PAT-0625,2026-07-24 14:12:58.569164,2026-07-24 18:12:58.569164,DELAYED_SYNC,10,0.09
CONN-000220,WRB-00633,PAT-0633,2026-07-14 08:01:26.199400,2026-07-14 12:01:26.199400,DELAYED_SYNC,21,0.32
CONN-000221,WRB-00636,PAT-0636,2026-07-21 08:47:51.976538,2026-07-21 09:17:51.976538,DELAYED_SYNC,23,0.35
CONN-000222,WRB-00637,PAT-0637,2026-07-27 01:03:43.025379,2026-07-27 05:03:43.025379,DELAYED_SYNC,3,0.26
CONN-000223,WRB-00644,PAT-0644,2026-07-27 02:55:00.700248,2026-07-27 06:55:00.700248,INTERMITTENT,7,0.28
CONN-000224,WRB-00647,PAT-0647,2026-07-18 16:30:54.190143,2026-07-18 17:00:54.190143,DELAYED_SYNC,9,0.09
CONN-000225,WRB-00652,PAT-0652,2026-07-19 08:31:51.633467,2026-07-19 12:31:51.633467,INTERMITTENT,28,0.2
CONN-000226,WRB-00656,PAT-0656,2026-07-07 02:19:50.392452,2026-07-07 03:19:50.392452,INTERMITTENT,9,0.19
CONN-000227,WRB-00660,PAT-0660,2026-07-22 14:08:31.650171,2026-07-22 15:38:31.650171,INTERMITTENT,26,0.31
CONN-000228,WRB-00661,PAT-0661,2026-07-01 10:54:42.493368,2026-07-01 13:54:42.493368,INTERMITTENT,4,0.34
CONN-000229,WRB-00668,PAT-0668,2026-07-04 18:21:05.138774,2026-07-04 21:21:05.138774,INTERMITTENT,4,0.26
CONN-000230,WRB-00675,PAT-0675,2026-07-08 17:18:14.761540,2026-07-08 20:18:14.761540,INTERMITTENT,22,0.33
CONN-000231,WRB-00676,PAT-0676,2026-07-27 17:24:49.545056,2026-07-27 18:54:49.545056,DISCONNECTED,28,0.19
CONN-000232,WRB-00677,PAT-0677,2026-07-05 19:23:08.222274,2026-07-05 20:23:08.222274,INTERMITTENT,13,0.25
CONN-000233,WRB-00678,PAT-0678,2026-07-12 02:24:15.496291,2026-07-12 03:24:15.496291,DISCONNECTED,3,0.12
CONN-000234,WRB-00682,PAT-0682,2026-07-16 18:23:19.067696,2026-07-16 19:53:19.067696,INTERMITTENT,5,0.16
CONN-000235,WRB-00686,PAT-0686,2026-07-09 05:19:18.857762,2026-07-09 06:49:18.857762,DELAYED_SYNC,20,0.08
CONN-000236,WRB-00691,PAT-0691,2026-07-27 20:39:13.361389,2026-07-27 23:39:13.361389,DISCONNECTED,29,0.1
CONN-000237,WRB-00693,PAT-0693,2026-07-13 13:19:07.604619,2026-07-13 17:19:07.604619,DISCONNECTED,29,0.34
CONN-000238,WRB-00694,PAT-0694,2026-07-21 04:45:48.556665,2026-07-21 08:45:48.556665,DELAYED_SYNC,11,0.28
CONN-000239,WRB-00695,PAT-0695,2026-07-13 22:40:13.815642,2026-07-14 00:10:13.815642,INTERMITTENT,30,0.2
CONN-000240,WRB-00696,PAT-0696,2026-07-23 02:14:27.279024,2026-07-23 05:14:27.279024,INTERMITTENT,19,0.14
CONN-000241,WRB-00701,PAT-0701,2026-07-12 09:16:22.421037,2026-07-12 09:46:22.421037,INTERMITTENT,19,0.08
CONN-000242,WRB-00702,PAT-0702,2026-07-30 19:11:04.637817,2026-07-30 20:41:04.637817,DISCONNECTED,23,0.12
CONN-000243,WRB-00709,PAT-0709,2026-07-15 01:02:05.301258,2026-07-15 02:02:05.301258,DELAYED_SYNC,19,0.12
CONN-000244,WRB-00717,PAT-0717,2026-07-16 14:05:19.732259,2026-07-16 17:05:19.732259,DELAYED_SYNC,28,0.3
CONN-000245,WRB-00718,PAT-0718,2026-07-10 19:07:36.143851,2026-07-10 20:37:36.143851,DELAYED_SYNC,32,0.12
CONN-000246,WRB-00720,PAT-0720,2026-07-28 16:52:57.512710,2026-07-28 20:52:57.512710,DELAYED_SYNC,15,0.24
CONN-000247,WRB-00722,PAT-0722,2026-07-08 12:16:24.724060,2026-07-08 13:46:24.724060,DELAYED_SYNC,31,0.27
CONN-000248,WRB-00724,PAT-0724,2026-07-10 23:57:15.877017,2026-07-11 02:57:15.877017,DISCONNECTED,22,0.12
CONN-000249,WRB-00725,PAT-0725,2026-07-12 20:07:28.906769,2026-07-12 23:07:28.906769,INTERMITTENT,32,0.26
CONN-000250,WRB-00730,PAT-0730,2026-07-08 21:45:28.026309,2026-07-08 23:15:28.026309,DELAYED_SYNC,4,0.19
CONN-000251,WRB-00732,PAT-0732,2026-07-04 17:52:54.436927,2026-07-04 19:22:54.436927,DELAYED_SYNC,28,0.31
CONN-000252,WRB-00734,PAT-0734,2026-07-23 18:22:27.046664,2026-07-23 22:22:27.046664,INTERMITTENT,21,0.19
CONN-000253,WRB-00736,PAT-0736,2026-07-22 00:59:50.061277,2026-07-22 01:29:50.061277,INTERMITTENT,4,0.3
CONN-000254,WRB-00742,PAT-0742,2026-07-08 21:55:57.669401,2026-07-09 01:55:57.669401,DELAYED_SYNC,20,0.13
CONN-000255,WRB-00748,PAT-0748,2026-07-20 19:54:57.797907,2026-07-20 23:54:57.797907,INTERMITTENT,8,0.13
CONN-000256,WRB-00757,PAT-0757,2026-07-09 19:23:35.493400,2026-07-09 22:23:35.493400,DELAYED_SYNC,5,0.1
CONN-000257,WRB-00762,PAT-0762,2026-07-06 14:53:41.158272,2026-07-06 17:53:41.158272,DELAYED_SYNC,22,0.17
CONN-000258,WRB-00765,PAT-0765,2026-07-05 19:57:27.990699,2026-07-05 20:27:27.990699,DISCONNECTED,13,0.11
CONN-000259,WRB-00768,PAT-0768,2026-07-27 19:10:28.008229,2026-07-27 23:10:28.008229,INTERMITTENT,4,0.24
CONN-000260,WRB-00769,PAT-0769,2026-07-15 06:49:44.618228,2026-07-15 08:19:44.618228,INTERMITTENT,29,0.26
CONN-000261,WRB-00772,PAT-0772,2026-07-23 05:23:15.411149,2026-07-23 06:53:15.411149,INTERMITTENT,15,0.16
CONN-000262,WRB-00773,PAT-0773,2026-07-24 13:09:58.626898,2026-07-24 16:09:58.626898,DELAYED_SYNC,23,0.21
CONN-000263,WRB-00774,PAT-0774,2026-07-24 21:35:00.087496,2026-07-25 00:35:00.087496,INTERMITTENT,18,0.07
CONN-000264,WRB-00776,PAT-0776,2026-07-23 19:07:00.670679,2026-07-23 20:07:00.670679,INTERMITTENT,35,0.1
CONN-000265,WRB-00782,PAT-0782,2026-07-14 03:21:23.010305,2026-07-14 04:51:23.010305,INTERMITTENT,24,0.14
CONN-000266,WRB-00791,PAT-0791,2026-07-11 03:53:34.551030,2026-07-11 04:53:34.551030,DELAYED_SYNC,32,0.23
CONN-000267,WRB-00795,PAT-0795,2026-07-06 19:47:22.513769,2026-07-06 23:47:22.513769,DISCONNECTED,22,0.33
CONN-000268,WRB-00796,PAT-0796,2026-07-05 13:23:09.994103,2026-07-05 14:23:09.994103,DELAYED_SYNC,9,0.06
CONN-000269,WRB-00799,PAT-0799,2026-07-20 09:59:27.049196,2026-07-20 12:59:27.049196,INTERMITTENT,3,0.1
CONN-000270,WRB-00800,PAT-0800,2026-07-07 06:35:34.135768,2026-07-07 08:05:34.135768,DISCONNECTED,32,0.27
CONN-000271,WRB-00807,PAT-0807,2026-07-06 12:50:36.644962,2026-07-06 13:20:36.644962,DELAYED_SYNC,18,0.08
CONN-000272,WRB-00810,PAT-0810,2026-07-22 17:45:33.988336,2026-07-22 21:45:33.988336,DELAYED_SYNC,29,0.16
CONN-000273,WRB-00814,PAT-0814,2026-07-05 21:08:56.170855,2026-07-05 22:08:56.170855,DISCONNECTED,15,0.08
CONN-000274,WRB-00815,PAT-0815,2026-07-16 02:14:30.985358,2026-07-16 03:14:30.985358,DELAYED_SYNC,19,0.08
CONN-000275,WRB-00818,PAT-0818,2026-07-22 17:47:27.364607,2026-07-22 18:47:27.364607,DELAYED_SYNC,35,0.23
CONN-000276,WRB-00822,PAT-0822,2026-07-13 04:00:52.366085,2026-07-13 05:00:52.366085,DELAYED_SYNC,20,0.06
CONN-000277,WRB-00823,PAT-0823,2026-07-26 19:31:36.086988,2026-07-26 20:31:36.086988,DISCONNECTED,30,0.12
CONN-000278,WRB-00825,PAT-0825,2026-07-15 05:58:35.859377,2026-07-15 06:28:35.859377,DISCONNECTED,29,0.07
CONN-000279,WRB-00827,PAT-0827,2026-07-18 09:40:44.088729,2026-07-18 11:10:44.088729,INTERMITTENT,12,0.06
CONN-000280,WRB-00830,PAT-0830,2026-07-13 17:47:36.575895,2026-07-13 18:47:36.575895,INTERMITTENT,17,0.05
CONN-000281,WRB-00831,PAT-0831,2026-07-29 10:44:08.931988,2026-07-29 12:14:08.931988,INTERMITTENT,33,0.32
CONN-000282,WRB-00841,PAT-0841,2026-07-28 19:07:26.040683,2026-07-28 20:07:26.040683,INTERMITTENT,28,0.06
CONN-000283,WRB-00842,PAT-0842,2026-07-25 23:59:29.081613,2026-07-26 01:29:29.081613,DELAYED_SYNC,26,0.1
CONN-000284,WRB-00844,PAT-0844,2026-07-08 11:09:18.194299,2026-07-08 12:09:18.194299,DISCONNECTED,19,0.3
CONN-000285,WRB-00845,PAT-0845,2026-07-13 01:33:55.324857,2026-07-13 03:03:55.324857,INTERMITTENT,32,0.11
CONN-000286,WRB-00847,PAT-0847,2026-07-27 19:09:12.226858,2026-07-27 20:09:12.226858,DELAYED_SYNC,24,0.12
CONN-000287,WRB-00849,PAT-0849,2026-07-23 02:08:42.969038,2026-07-23 03:38:42.969038,DELAYED_SYNC,28,0.34
CONN-000288,WRB-00855,PAT-0855,2026-07-21 10:44:28.873099,2026-07-21 11:14:28.873099,DISCONNECTED,10,0.09
CONN-000289,WRB-00861,PAT-0861,2026-07-28 19:34:09.071718,2026-07-28 22:34:09.071718,INTERMITTENT,27,0.28
CONN-000290,WRB-00864,PAT-0864,2026-07-20 02:24:28.614700,2026-07-20 05:24:28.614700,DELAYED_SYNC,33,0.13
CONN-000291,WRB-00865,PAT-0865,2026-07-10 17:22:23.541552,2026-07-10 18:52:23.541552,INTERMITTENT,26,0.14
CONN-000292,WRB-00866,PAT-0866,2026-07-23 06:58:40.328394,2026-07-23 07:58:40.328394,DELAYED_SYNC,32,0.28
CONN-000293,WRB-00868,PAT-0868,2026-07-20 06:40:45.425718,2026-07-20 07:40:45.425718,DELAYED_SYNC,32,0.2
CONN-000294,WRB-00873,PAT-0873,2026-07-26 18:13:15.017429,2026-07-26 18:43:15.017429,INTERMITTENT,19,0.24
CONN-000295,WRB-00876,PAT-0876,2026-07-24 08:22:44.628732,2026-07-24 11:22:44.628732,INTERMITTENT,32,0.07
CONN-000296,WRB-00877,PAT-0877,2026-07-03 17:52:29.773731,2026-07-03 18:52:29.773731,DISCONNECTED,12,0.09
CONN-000297,WRB-00879,PAT-0879,2026-07-05 02:12:41.073199,2026-07-05 03:12:41.073199,DELAYED_SYNC,16,0.06
CONN-000298,WRB-00882,PAT-0882,2026-07-07 16:38:36.628393,2026-07-07 18:08:36.628393,INTERMITTENT,5,0.32
CONN-000299,WRB-00883,PAT-0883,2026-07-21 11:20:35.995201,2026-07-21 15:20:35.995201,DELAYED_SYNC,19,0.34
CONN-000300,WRB-00884,PAT-0884,2026-07-18 04:44:58.037583,2026-07-18 06:14:58.037583,DELAYED_SYNC,18,0.27
CONN-000301,WRB-00885,PAT-0885,2026-07-21 08:05:18.798861,2026-07-21 09:35:18.798861,DELAYED_SYNC,12,0.25
CONN-000302,WRB-00887,PAT-0887,2026-07-04 15:21:16.599932,2026-07-04 16:21:16.599932,DELAYED_SYNC,9,0.27
CONN-000303,WRB-00888,PAT-0888,2026-07-23 15:29:14.800127,2026-07-23 15:59:14.800127,DELAYED_SYNC,29,0.32
CONN-000304,WRB-00889,PAT-0889,2026-07-30 21:21:18.563275,2026-07-30 22:21:18.563275,INTERMITTENT,31,0.18
CONN-000305,WRB-00890,PAT-0890,2026-07-22 09:41:23.965215,2026-07-22 10:41:23.965215,DISCONNECTED,21,0.17
CONN-000306,WRB-00896,PAT-0896,2026-07-07 16:30:12.986150,2026-07-07 17:30:12.986150,INTERMITTENT,18,0.16
CONN-000307,WRB-00898,PAT-0898,2026-07-04 21:23:33.248253,2026-07-04 22:23:33.248253,INTERMITTENT,9,0.16
CONN-000308,WRB-00900,PAT-0900,2026-07-19 14:09:41.211347,2026-07-19 15:39:41.211347,DELAYED_SYNC,31,0.32
CONN-000309,WRB-00902,PAT-0902,2026-07-29 19:02:07.733850,2026-07-29 22:02:07.733850,INTERMITTENT,20,0.06
CONN-000310,WRB-00908,PAT-0908,2026-07-17 15:16:27.936596,2026-07-17 18:16:27.936596,DISCONNECTED,23,0.23
CONN-000311,WRB-00911,PAT-0911,2026-07-06 17:34:58.066582,2026-07-06 20:34:58.066582,DISCONNECTED,11,0.2
CONN-000312,WRB-00913,PAT-0913,2026-07-15 11:29:33.074784,2026-07-15 11:59:33.074784,INTERMITTENT,8,0.27
CONN-000313,WRB-00917,PAT-0917,2026-07-27 02:09:21.505466,2026-07-27 06:09:21.505466,DISCONNECTED,29,0.16
CONN-000314,WRB-00921,PAT-0921,2026-07-04 09:35:25.263667,2026-07-04 10:35:25.263667,DISCONNECTED,32,0.31
CONN-000315,WRB-00923,PAT-0923,2026-07-15 09:38:04.042055,2026-07-15 11:08:04.042055,DELAYED_SYNC,16,0.35
CONN-000316,WRB-00926,PAT-0926,2026-07-29 10:45:59.230091,2026-07-29 11:45:59.230091,DISCONNECTED,13,0.08
CONN-000317,WRB-00933,PAT-0933,2026-07-21 00:13:34.761110,2026-07-21 04:13:34.761110,INTERMITTENT,21,0.17
CONN-000318,WRB-00936,PAT-0936,2026-07-24 14:34:04.008060,2026-07-24 16:04:04.008060,INTERMITTENT,30,0.22
CONN-000319,WRB-00939,PAT-0939,2026-07-10 15:22:01.932641,2026-07-10 16:52:01.932641,DELAYED_SYNC,29,0.2
CONN-000320,WRB-00941,PAT-0941,2026-07-14 01:51:10.068516,2026-07-14 03:21:10.068516,DISCONNECTED,19,0.22
CONN-000321,WRB-00944,PAT-0944,2026-07-23 02:35:48.867571,2026-07-23 03:05:48.867571,DISCONNECTED,18,0.14
CONN-000322,WRB-00945,PAT-0945,2026-07-19 16:41:35.308586,2026-07-19 17:11:35.308586,DISCONNECTED,30,0.29
CONN-000323,WRB-00948,PAT-0948,2026-07-27 00:41:23.080530,2026-07-27 02:11:23.080530,INTERMITTENT,18,0.26
CONN-000324,WRB-00952,PAT-0952,2026-07-27 12:20:13.505662,2026-07-27 13:50:13.505662,INTERMITTENT,27,0.1
CONN-000325,WRB-00953,PAT-0953,2026-07-20 06:12:39.020760,2026-07-20 09:12:39.020760,INTERMITTENT,22,0.19
CONN-000326,WRB-00965,PAT-0965,2026-07-14 09:23:18.186176,2026-07-14 13:23:18.186176,DELAYED_SYNC,28,0.34
CONN-000327,WRB-00970,PAT-0970,2026-07-29 22:58:32.090909,2026-07-30 02:58:32.090909,DISCONNECTED,32,0.25
CONN-000328,WRB-00971,PAT-0971,2026-07-04 23:53:32.243024,2026-07-05 03:53:32.243024,DELAYED_SYNC,16,0.19
CONN-000329,WRB-00972,PAT-0972,2026-07-10 21:04:00.549825,2026-07-10 22:34:00.549825,DELAYED_SYNC,5,0.2
CONN-000330,WRB-00973,PAT-0973,2026-07-29 18:00:56.488652,2026-07-29 19:00:56.488652,DISCONNECTED,31,0.18
CONN-000331,WRB-00975,PAT-0975,2026-07-18 12:27:55.032658,2026-07-18 15:27:55.032658,INTERMITTENT,26,0.31
CONN-000332,WRB-00977,PAT-0977,2026-07-17 01:26:58.838027,2026-07-17 01:56:58.838027,DELAYED_SYNC,25,0.16
CONN-000333,WRB-00978,PAT-0978,2026-07-29 09:05:09.350356,2026-07-29 10:35:09.350356,INTERMITTENT,4,0.06
CONN-000334,WRB-00981,PAT-0981,2026-07-23 13:20:12.905398,2026-07-23 17:20:12.905398,DISCONNECTED,7,0.28
CONN-000335,WRB-00983,PAT-0983,2026-07-24 15:44:35.761146,2026-07-24 18:44:35.761146,INTERMITTENT,16,0.08
CONN-000336,WRB-00984,PAT-0984,2026-07-25 09:42:32.702284,2026-07-25 13:42:32.702284,INTERMITTENT,8,0.33
CONN-000337,WRB-00990,PAT-0990,2026-07-09 02:05:36.090666,2026-07-09 03:05:36.090666,DELAYED_SYNC,35,0.34
CONN-000338,WRB-00991,PAT-0991,2026-07-26 14:22:40.186736,2026-07-26 18:22:40.186736,DISCONNECTED,25,0.11
CONN-000339,WRB-00994,PAT-0994,2026-07-21 12:55:12.561993,2026-07-21 13:25:12.561993,DISCONNECTED,33,0.28
CONN-000340,WRB-00529,PAT-0529,2026-07-05 06:45:00,2026-07-05 10:15:00,DELAYED_SYNC,24,0.2
CONN-000341,WRB-00382,PAT-0382,2026-07-14 13:00:00,2026-07-14 16:30:00,DELAYED_SYNC,24,0.2
CONN-000342,WRB-00724,PAT-0724,2026-07-06 13:30:00,2026-07-06 17:00:00,DELAYED_SYNC,24,0.2
CONN-000343,WRB-00132,PAT-0132,2026-07-11 10:15:00,2026-07-11 13:45:00,DELAYED_SYNC,24,0.2
CONN-000344,WRB-00333,PAT-0333,2026-07-27 14:45:00,2026-07-27 18:15:00,DELAYED_SYNC,24,0.2
CONN-000345,WRB-00226,PAT-0226,2026-07-18 12:45:00,2026-07-18 16:15:00,DELAYED_SYNC,24,0.2
CONN-000346,WRB-00163,PAT-0163,2026-07-06 08:30:00,2026-07-06 12:00:00,DELAYED_SYNC,24,0.2
CONN-000347,WRB-00156,PAT-0156,2026-07-28 10:15:00,2026-07-28 13:45:00,DELAYED_SYNC,24,0.2
CONN-000348,WRB-00374,PAT-0374,2026-07-11 07:45:00,2026-07-11 11:15:00,DELAYED_SYNC,24,0.2
CONN-000349,WRB-00885,PAT-0885,2026-07-19 11:00:00,2026-07-19 14:30:00,DELAYED_SYNC,24,0.2
CONN-000350,WRB-00437,PAT-0437,2026-07-12 14:45:00,2026-07-12 18:15:00,DELAYED_SYNC,24,0.2
CONN-000351,WRB-00170,PAT-0170,2026-07-15 12:15:00,2026-07-15 15:45:00,DELAYED_SYNC,24,0.2
CONN-000352,WRB-00737,PAT-0737,2026-07-07 11:30:00,2026-07-07 15:00:00,DELAYED_SYNC,24,0.2
CONN-000353,WRB-00631,PAT-0631,2026-07-20 16:15:00,2026-07-20 19:45:00,DELAYED_SYNC,24,0.2
CONN-000354,WRB-00167,PAT-0167,2026-07-09 11:15:00,2026-07-09 14:45:00,DELAYED_SYNC,24,0.2
CONN-000355,WRB-00115,PAT-0115,2026-07-16 18:15:00,2026-07-16 21:45:00,DELAYED_SYNC,24,0.2
CONN-000356,WRB-00623,PAT-0623,2026-07-19 16:15:00,2026-07-19 19:45:00,DELAYED_SYNC,24,0.2
CONN-000357,WRB-00920,PAT-0920,2026-07-28 09:30:00,2026-07-28 13:00:00,DELAYED_SYNC,24,0.2
CONN-000358,WRB-00370,PAT-0370,2026-07-17 16:00:00,2026-07-17 19:30:00,DELAYED_SYNC,24,0.2
CONN-000359,WRB-00222,PAT-0222,2026-07-22 09:45:00,2026-07-22 13:15:00,DELAYED_SYNC,24,0.2
CONN-000360,WRB-00257,PAT-0257,2026-07-28 13:30:00,2026-07-28 17:00:00,DELAYED_SYNC,24,0.2
CONN-000361,WRB-00021,PAT-0021,2026-07-20 11:45:00,2026-07-20 15:15:00,DELAYED_SYNC,24,0.2
CONN-000362,WRB-00734,PAT-0734,2026-07-23 11:15:00,2026-07-23 14:45:00,DELAYED_SYNC,24,0.2
CONN-000363,WRB-00673,PAT-0673,2026-07-11 16:00:00,2026-07-11 19:30:00,DELAYED_SYNC,24,0.2
CONN-000364,WRB-00943,PAT-0943,2026-07-23 10:30:00,2026-07-23 14:00:00,DELAYED_SYNC,24,0.2
CONN-000365,WRB-00696,PAT-0696,2026-07-24 16:00:00,2026-07-24 19:30:00,DELAYED_SYNC,24,0.2
CONN-000366,WRB-00397,PAT-0397,2026-07-10 16:00:00,2026-07-10 19:30:00,DELAYED_SYNC,24,0.2
CONN-000367,WRB-00907,PAT-0907,2026-07-20 07:00:00,2026-07-20 10:30:00,DELAYED_SYNC,24,0.2
CONN-000368,WRB-00788,PAT-0788,2026-07-12 14:45:00,2026-07-12 18:15:00,DELAYED_SYNC,24,0.2
CONN-000369,WRB-00657,PAT-0657,2026-07-03 12:00:00,2026-07-03 15:30:00,DELAYED_SYNC,24,0.2
CONN-000370,WRB-00352,PAT-0352,2026-07-25 17:45:00,2026-07-25 21:15:00,DELAYED_SYNC,24,0.2
CONN-000371,WRB-00685,PAT-0685,2026-07-18 08:00:00,2026-07-18 11:30:00,DELAYED_SYNC,24,0.2
CONN-000372,WRB-00263,PAT-0263,2026-07-25 12:30:00,2026-07-25 16:00:00,DELAYED_SYNC,24,0.2
CONN-000373,WRB-00988,PAT-0988,2026-07-13 12:45:00,2026-07-13 16:15:00,DELAYED_SYNC,24,0.2
CONN-000374,WRB-00142,PAT-0142,2026-07-28 16:00:00,2026-07-28 19:30:00,DELAYED_SYNC,24,0.2
CONN-000375,WRB-00917,PAT-0917,2026-07-27 14:45:00,2026-07-27 18:15:00,DELAYED_SYNC,24,0.2
CONN-000376,WRB-00121,PAT-0121,2026-07-14 15:45:00,2026-07-14 19:15:00,DELAYED_SYNC,24,0.2
CONN-000377,WRB-00863,PAT-0863,2026-07-13 09:15:00,2026-07-13 12:45:00,DELAYED_SYNC,24,0.2
CONN-000378,WRB-00564,PAT-0564,2026-07-16 06:15:00,2026-07-16 09:45:00,DELAYED_SYNC,24,0.2
CONN-000379,WRB-00991,PAT-0991,2026-07-25 18:00:00,2026-07-25 21:30:00,DELAYED_SYNC,24,0.2
CONN-000380,WRB-00358,PAT-0358,2026-07-10 09:30:00,2026-07-10 13:00:00,DELAYED_SYNC,24,0.2
CONN-000381,WRB-00486,PAT-0486,2026-07-17 16:00:00,2026-07-17 19:30:00,DELAYED_SYNC,24,0.2
CONN-000382,WRB-00566,PAT-0566,2026-07-21 09:30:00,2026-07-21 13:00:00,DELAYED_SYNC,24,0.2
CONN-000383,WRB-00871,PAT-0871,2026-07-23 13:00:00,2026-07-23 16:30:00,DELAYED_SYNC,24,0.2
CONN-000384,WRB-00982,PAT-0982,2026-07-14 11:15:00,2026-07-14 14:45:00,DELAYED_SYNC,24,0.2
CONN-000385,WRB-00838,PAT-0838,2026-07-11 08:00:00,2026-07-11 11:30:00,DELAYED_SYNC,24,0.2
CONN-000386,WRB-00552,PAT-0552,2026-07-05 14:00:00,2026-07-05 17:30:00,DELAYED_SYNC,24,0.2
CONN-000387,WRB-00357,PAT-0357,2026-07-29 11:15:00,2026-07-29 14:45:00,DELAYED_SYNC,24,0.2
CONN-000388,WRB-00473,PAT-0473,2026-07-24 05:30:00,2026-07-24 09:00:00,DELAYED_SYNC,24,0.2
CONN-000389,WRB-00504,PAT-0504,2026-07-28 16:45:00,2026-07-28 20:15:00,DELAYED_SYNC,24,0.2
CONN-000390,WRB-00646,PAT-0646,2026-07-27 14:15:00,2026-07-27 17:45:00,DELAYED_SYNC,24,0.2
CONN-000391,WRB-00567,PAT-0567,2026-07-06 18:00:00,2026-07-06 21:30:00,DELAYED_SYNC,24,0.2
CONN-000392,WRB-00119,PAT-0119,2026-07-24 18:15:00,2026-07-24 21:45:00,DELAYED_SYNC,24,0.2
CONN-000393,WRB-00125,PAT-0125,2026-07-16 10:30:00,2026-07-16 14:00:00,DELAYED_SYNC,24,0.2
CONN-000394,WRB-00401,PAT-0401,2026-07-19 15:15:00,2026-07-19 18:45:00,DELAYED_SYNC,24,0.2
CONN-000395,WRB-00789,PAT-0789,2026-07-23 18:00:00,2026-07-23 21:30:00,DELAYED_SYNC,24,0.2
CONN-000396,WRB-00741,PAT-0741,2026-07-18 10:45:00,2026-07-18 14:15:00,DELAYED_SYNC,24,0.2
CONN-000397,WRB-00815,PAT-0815,2026-07-17 12:30:00,2026-07-17 16:00:00,DELAYED_SYNC,24,0.2
CONN-000398,WRB-00642,PAT-0642,2026-07-27 11:45:00,2026-07-27 15:15:00,DELAYED_SYNC,24,0.2
CONN-000399,WRB-00551,PAT-0551,2026-07-03 12:00:00,2026-07-03 15:30:00,DELAYED_SYNC,24,0.2
CONN-000400,WRB-00264,PAT-0264,2026-07-15 05:30:00,2026-07-15 09:00:00,DELAYED_SYNC,24,0.2
CONN-000401,WRB-00186,PAT-0186,2026-07-19 17:15:00,2026-07-19 20:45:00,DELAYED_SYNC,24,0.2
CONN-000402,WRB-00118,PAT-0118,2026-07-21 12:00:00,2026-07-21 15:30:00,DELAYED_SYNC,24,0.2
CONN-000403,WRB-00961,PAT-0961,2026-07-05 13:15:00,2026-07-05 16:45:00,DELAYED_SYNC,24,0.2
CONN-000404,WRB-00464,PAT-0464,2026-07-26 12:45:00,2026-07-26 16:15:00,DELAYED_SYNC,24,0.2
CONN-000405,WRB-00940,PAT-0940,2026-07-26 13:15:00,2026-07-26 16:45:00,DELAYED_SYNC,24,0.2
CONN-000406,WRB-00395,PAT-0395,2026-07-06 12:15:00,2026-07-06 15:45:00,DELAYED_SYNC,24,0.2
CONN-000407,WRB-00912,PAT-0912,2026-07-21 10:15:00,2026-07-21 13:45:00,DELAYED_SYNC,24,0.2
CONN-000408,WRB-00293,PAT-0293,2026-07-19 07:15:00,2026-07-19 10:45:00,DELAYED_SYNC,24,0.2
CONN-000409,WRB-00211,PAT-0211,2026-07-18 13:30:00,2026-07-18 17:00:00,DELAYED_SYNC,24,0.2
CONN-000410,WRB-00117,PAT-0117,2026-07-15 16:00:00,2026-07-15 19:30:00,DELAYED_SYNC,24,0.2
CONN-000411,WRB-00736,PAT-0736,2026-07-23 09:45:00,2026-07-23 13:15:00,DELAYED_SYNC,24,0.2
CONN-000412,WRB-00601,PAT-0601,2026-07-22 12:30:00,2026-07-22 16:00:00,DELAYED_SYNC,24,0.2
CONN-000413,WRB-00106,PAT-0106,2026-07-22 16:30:00,2026-07-22 20:00:00,DELAYED_SYNC,24,0.2
CONN-000414,WRB-00127,PAT-0127,2026-07-29 13:30:00,2026-07-29 17:00:00,DELAYED_SYNC,24,0.2
CONN-000415,WRB-00541,PAT-0541,2026-07-20 11:45:00,2026-07-20 15:15:00,DELAYED_SYNC,24,0.2
CONN-000416,WRB-00287,PAT-0287,2026-07-12 09:15:00,2026-07-12 12:45:00,DELAYED_SYNC,24,0.2
CONN-000417,WRB-00426,PAT-0426,2026-07-10 11:30:00,2026-07-10 15:00:00,DELAYED_SYNC,24,0.2
CONN-000418,WRB-00964,PAT-0964,2026-07-09 13:30:00,2026-07-09 17:00:00,DELAYED_SYNC,24,0.2
CONN-000419,WRB-00286,PAT-0286,2026-07-16 17:00:00,2026-07-16 20:30:00,DELAYED_SYNC,24,0.2
CONN-000420,WRB-00725,PAT-0725,2026-07-19 05:30:00,2026-07-19 09:00:00,DELAYED_SYNC,24,0.2
CONN-000421,WRB-00391,PAT-0391,2026-07-09 09:15:00,2026-07-09 12:45:00,DELAYED_SYNC,24,0.2
CONN-000422,WRB-00634,PAT-0634,2026-07-18 15:00:00,2026-07-18 18:30:00,DELAYED_SYNC,24,0.2
CONN-000423,WRB-00055,PAT-0055,2026-07-12 16:15:00,2026-07-12 19:45:00,DELAYED_SYNC,24,0.2
CONN-000424,WRB-00292,PAT-0292,2026-07-26 18:15:00,2026-07-26 21:45:00,DELAYED_SYNC,24,0.2
CONN-000425,WRB-00824,PAT-0824,2026-07-06 11:30:00,2026-07-06 15:00:00,DELAYED_SYNC,24,0.2
CONN-000426,WRB-00136,PAT-0136,2026-07-12 09:00:00,2026-07-12 12:30:00,DELAYED_SYNC,24,0.2
CONN-000427,WRB-00225,PAT-0225,2026-07-03 12:00:00,2026-07-03 15:30:00,DELAYED_SYNC,24,0.2
CONN-000428,WRB-00326,PAT-0326,2026-07-05 06:30:00,2026-07-05 10:00:00,DELAYED_SYNC,24,0.2
CONN-000429,WRB-00971,PAT-0971,2026-07-03 15:15:00,2026-07-03 18:45:00,DELAYED_SYNC,24,0.2
CONN-000430,WRB-00667,PAT-0667,2026-07-06 10:15:00,2026-07-06 13:45:00,DELAYED_SYNC,24,0.2
CONN-000431,WRB-00132,PAT-0132,2026-07-19 07:45:00,2026-07-19 11:15:00,DELAYED_SYNC,24,0.2
CONN-000432,WRB-00659,PAT-0659,2026-07-10 15:00:00,2026-07-10 18:30:00,DELAYED_SYNC,24,0.2
CONN-000433,WRB-00406,PAT-0406,2026-07-26 14:45:00,2026-07-26 18:15:00,DELAYED_SYNC,24,0.2
CONN-000434,WRB-00185,PAT-0185,2026-07-26 08:15:00,2026-07-26 11:45:00,DELAYED_SYNC,24,0.2
